timestamp,episode,latency,replicas,reward
2026-01-12 13:17:09.292081,0,0.23473501205444336,1,8.0
2026-01-12 13:17:23.653738,1,0.24512525796890258,1,8.0
2026-01-12 13:17:37.836711,2,0.22946438789367676,1,8.0
2026-01-12 13:17:51.796953,3,0.2185394287109375,1,8.0
2026-01-12 13:18:06.534109,4,0.23082541227340697,1,8.0
2026-01-12 13:18:20.748570,5,0.22856519222259522,1,8.0
2026-01-12 13:18:35.299885,6,0.2270007848739624,1,8.0
2026-01-12 13:18:49.246602,7,0.22178783416748046,1,8.0
2026-01-12 13:19:04.081027,8,0.26374062299728396,1,4.0
2026-01-12 13:19:18.062582,9,0.2286500334739685,1,8.0
2026-01-12 13:19:40.959763,10,0.2136758089065552,2,7.0
2026-01-12 13:20:01.911930,11,0.45388333797454833,1,-12.0
2026-01-12 13:20:16.732775,12,0.227170729637146,1,8.0
2026-01-12 13:20:39.763498,13,0.23879245519638062,2,7.0
2026-01-12 13:21:00.732951,14,0.45301411151885984,1,-12.0
2026-01-12 13:21:15.872527,15,0.23104517459869384,1,8.0
2026-01-12 13:21:35.057020,16,0.46184003353118896,1,-12.0
2026-01-12 13:21:49.734004,17,0.22533133029937744,1,8.0
2026-01-12 13:22:11.555143,18,0.23035374879837037,2,7.0
2026-01-12 13:22:29.602977,19,0.2885510802268982,1,4.0
2026-01-12 13:22:46.210800,20,0.23266005516052246,1,8.0
2026-01-12 13:23:03.951935,21,0.3853137373924255,1,-12.0
2026-01-12 13:23:19.118716,22,0.22939634323120117,1,8.0
2026-01-12 13:23:38.630279,23,0.46218711137771606,1,-12.0
2026-01-12 13:23:53.080114,24,0.2242911696434021,1,8.0
2026-01-12 13:24:20.426044,25,0.7922521233558655,1,-12.0
2026-01-12 13:24:53.244745,26,0.4263265490531921,2,-12.3
2026-01-12 13:25:16.862286,27,0.3122910976409912,3,2.0
2026-01-12 13:25:34.679728,28,0.3180449724197388,3,2.0
2026-01-12 13:25:53.266518,29,0.3412578821182251,3,2.0
2026-01-12 13:26:11.269166,30,0.3118826150894165,3,2.0
2026-01-12 13:26:29.206470,31,0.3220625162124634,3,2.0
2026-01-12 13:26:46.961235,32,0.3166297435760498,3,2.0
2026-01-12 13:27:04.926880,33,0.3206324577331543,3,2.0
2026-01-12 13:27:26.849432,34,0.2828149080276489,4,1.0
2026-01-12 13:27:44.536605,35,0.3369937062263489,4,1.0
2026-01-12 13:28:00.559526,36,0.2688212633132935,4,1.0
2026-01-12 13:28:17.385939,37,0.29231958389282225,4,1.0
2026-01-12 13:28:34.156602,38,0.2930626034736633,4,1.0
2026-01-12 13:28:51.351466,39,0.3107891321182251,4,1.0
2026-01-12 13:29:08.149050,40,0.2731215596199036,4,1.0
2026-01-12 13:29:24.713092,41,0.2393350601196289,3,6.0
2026-01-12 13:29:40.802281,42,0.21270816326141356,2,7.0
2026-01-12 13:29:57.621370,43,0.25402634143829345,1,4.0
2026-01-12 13:30:12.123376,44,0.2559093236923218,1,4.0
2026-01-12 13:30:45.650660,45,0.405283260345459,2,-12.3
2026-01-12 13:31:09.534255,46,0.2959001660346985,3,2.0
2026-01-12 13:31:27.355614,47,0.32411750555038454,3,2.0
2026-01-12 13:31:49.057630,48,0.26527353525161745,4,1.0
2026-01-12 13:32:05.362776,49,0.2884076952934265,4,1.0
2026-01-12 13:32:22.823863,50,0.3074683785438538,4,1.0
2026-01-12 13:32:39.042375,51,0.2852264761924744,4,1.0
2026-01-12 13:32:55.677790,52,0.285863196849823,4,1.0
2026-01-12 13:33:12.306194,53,0.2719942569732666,4,1.0
2026-01-12 13:33:29.608106,54,0.2806306600570679,4,1.0
2026-01-12 13:33:46.565085,55,0.31017526388168337,4,1.0
2026-01-12 13:34:03.624168,56,0.3196208834648132,4,1.0
2026-01-12 13:34:20.087338,57,0.2964597105979919,4,1.0
2026-01-12 13:34:37.536380,58,0.30990009307861327,4,1.0
2026-01-12 13:34:54.530957,59,0.303057336807251,4,1.0
2026-01-12 13:35:11.727899,60,0.3197444319725037,4,1.0
2026-01-12 13:35:28.824007,61,0.2468675971031189,3,6.0
2026-01-12 13:35:44.087506,62,0.24165321588516236,3,6.0
2026-01-12 13:36:00.804157,63,0.24580084085464476,2,7.0
2026-01-12 13:36:16.676486,64,0.2391935706138611,2,7.0
2026-01-12 13:36:33.895387,65,0.22593725919723512,1,8.0
2026-01-12 13:36:56.309290,66,0.2152153730392456,2,7.0
2026-01-12 13:37:18.568122,67,0.4911060452461243,1,-12.0
2026-01-12 13:37:51.777380,68,0.3805244445800781,2,-12.3
2026-01-12 13:38:16.631551,69,0.35403642654418943,3,-12.6
2026-01-12 13:38:34.520494,70,0.3314829468727112,3,2.0
2026-01-12 13:38:56.685872,71,0.30954190492630007,4,1.0
2026-01-12 13:39:12.947954,72,0.27775663137435913,4,1.0
2026-01-12 13:39:28.177558,73,0.20684820413589478,4,5.0
2026-01-12 13:39:44.106765,74,0.20833144187927247,3,6.0
2026-01-12 13:40:00.925688,75,0.22185194492340088,2,7.0
2026-01-12 13:40:17.651854,76,0.24141310453414916,1,8.0
2026-01-12 13:40:32.339396,77,0.22221361398696898,1,8.0
2026-01-12 13:40:46.319484,78,0.22693774700164795,1,8.0
2026-01-12 13:41:01.036845,79,0.22199933528900145,1,8.0
2026-01-12 13:41:15.263091,80,0.23557462692260742,1,8.0
2026-01-12 13:41:29.603810,81,0.20504568815231322,1,8.0
